{"cameraMode":{"drawMode":0,"name":"Shaded","section":"Shading Mode"},"sceneLighting":true,"audioPlay":false,"sceneViewState":{"showFog":true,"showMaterialUpdate":false,"showSkybox":true,"showFlares":true,"showImageEffects":true,"showParticleSystems":true},"in2DMode":false,"pivot":{"x":-10.094999313354493,"y":2.5799999237060549,"z":-10.525001525878907},"rotation":{"x":0.19865451753139497,"y":0.5610124468803406,"z":-0.14086143672466279,"w":0.7911811470985413},"size":25.71198272705078,"orthographic":true}