{"cameraMode":{"drawMode":0,"name":"Shaded","section":"Shading Mode"},"sceneLighting":true,"audioPlay":false,"sceneViewState":{"showFog":true,"showMaterialUpdate":false,"showSkybox":true,"showFlares":true,"showImageEffects":true,"showParticleSystems":true},"in2DMode":false,"pivot":{"x":-24.933629989624025,"y":3.1400036811828615,"z":-25.5419979095459},"rotation":{"x":0.029786793515086175,"y":0.9674697518348694,"z":-0.2107647806406021,"w":0.1367303729057312},"size":8.380644798278809,"orthographic":false}