{"cameraMode":{"drawMode":0,"name":"Shaded","section":"Shading Mode"},"sceneLighting":true,"audioPlay":false,"sceneViewState":{"showFog":true,"showMaterialUpdate":false,"showSkybox":true,"showFlares":true,"showImageEffects":true,"showParticleSystems":true},"in2DMode":false,"pivot":{"x":-38.35757827758789,"y":28.139007568359376,"z":-36.99317932128906},"rotation":{"x":0.029786793515086175,"y":0.9674697518348694,"z":-0.2107647806406021,"w":0.1367303729057312},"size":133.7153778076172,"orthographic":false}