{"cameraMode":{"drawMode":0,"name":"Shaded","section":"Shading Mode"},"sceneLighting":true,"audioPlay":false,"sceneViewState":{"showFog":true,"showMaterialUpdate":false,"showSkybox":true,"showFlares":true,"showImageEffects":true,"showParticleSystems":true},"in2DMode":false,"pivot":{"x":12.697530746459961,"y":1.207966685295105,"z":-0.471625953912735},"rotation":{"x":-0.00015232854639180005,"y":0.9996598958969116,"z":-0.025496777147054673,"w":-0.005997945554554462},"size":13.289716720581055,"orthographic":true}