{"cameraMode":{"drawMode":0,"name":"Shaded","section":"Shading Mode"},"sceneLighting":true,"audioPlay":false,"sceneViewState":{"showFog":true,"showMaterialUpdate":false,"showSkybox":true,"showFlares":true,"showImageEffects":true,"showParticleSystems":true},"in2DMode":false,"pivot":{"x":3.541703224182129,"y":3.715740203857422,"z":5.9738264083862309},"rotation":{"x":0.6022344827651978,"y":0.04305250942707062,"z":-0.03255239874124527,"w":0.7964937090873718},"size":15.5247220993042,"orthographic":false}