{"cameraMode":{"drawMode":0,"name":"Shaded","section":"Shading Mode"},"sceneLighting":true,"audioPlay":false,"sceneViewState":{"showFog":true,"showMaterialUpdate":false,"showSkybox":true,"showFlares":true,"showImageEffects":true,"showParticleSystems":true},"in2DMode":false,"pivot":{"x":2.891996383666992,"y":3.0400032997131349,"z":2.496367931365967},"rotation":{"x":0.39163467288017275,"y":0.044139642268419269,"z":-0.018812909722328187,"w":0.9188694953918457},"size":8.380651473999024,"orthographic":true}