{"cameraMode":{"drawMode":0,"name":"Shaded","section":"Shading Mode"},"sceneLighting":true,"audioPlay":false,"sceneViewState":{"showFog":true,"showMaterialUpdate":false,"showSkybox":true,"showFlares":true,"showImageEffects":true,"showParticleSystems":true},"in2DMode":false,"pivot":{"x":-10.399999618530274,"y":1.0,"z":-11.610000610351563},"rotation":{"x":0.28942185640335085,"y":0.3454939126968384,"z":-0.11292239278554917,"w":0.8855046033859253},"size":51.35662078857422,"orthographic":false}