{"cameraMode":{"drawMode":0,"name":"Shaded","section":"Shading Mode"},"sceneLighting":true,"audioPlay":false,"sceneViewState":{"showFog":true,"showMaterialUpdate":false,"showSkybox":true,"showFlares":true,"showImageEffects":true,"showParticleSystems":true},"in2DMode":false,"pivot":{"x":-30.168914794921876,"y":3.1054649353027345,"z":-24.4000244140625},"rotation":{"x":-0.08904263377189636,"y":0.9032186269760132,"z":-0.22822736203670503,"w":-0.3524061143398285},"size":13.370346069335938,"orthographic":true}