{"cameraMode":{"drawMode":0,"name":"Shaded","section":"Shading Mode"},"sceneLighting":true,"audioPlay":false,"sceneViewState":{"showFog":true,"showMaterialUpdate":false,"showSkybox":true,"showFlares":true,"showImageEffects":true,"showParticleSystems":true},"in2DMode":false,"pivot":{"x":-38.35757827758789,"y":28.139007568359376,"z":-36.99317932128906},"rotation":{"x":0.5636835694313049,"y":0.1455419808626175,"z":-0.10169995576143265,"w":0.8066828846931458},"size":80.00281524658203,"orthographic":true}