{"cameraMode":{"drawMode":0,"name":"Shaded","section":"Shading Mode"},"sceneLighting":true,"audioPlay":false,"sceneViewState":{"showFog":true,"showMaterialUpdate":false,"showSkybox":true,"showFlares":true,"showImageEffects":true,"showParticleSystems":true},"in2DMode":false,"pivot":{"x":-16.019733428955079,"y":10.9410982131958,"z":-24.39413070678711},"rotation":{"x":0.2728210985660553,"y":-0.36718064546585085,"z":0.11358223110437393,"w":0.8819565773010254},"size":39.209510803222659,"orthographic":true}